Matchweek,Home Team,Home XG,Score,Away XG,Away Team,Match Report
1,Burnley,0.3,0–3,1.9,Manchester City,/en/matches/3a6836b4/Burnley-Manchester-City-August-11-2023-Premier-League
1,Arsenal,0.8,2–1,1.2,Nott'ham Forest,/en/matches/26a7f90c/Arsenal-Nottingham-Forest-August-12-2023-Premier-League
1,Everton,2.7,0–1,1.5,Fulham,/en/matches/15addfc7/Everton-Fulham-August-12-2023-Premier-League
1,Sheffield Utd,0.5,0–1,1.9,Crystal Palace,/en/matches/55fd92c7/Sheffield-United-Crystal-Palace-August-12-2023-Premier-League
1,Brighton,4.0,4–1,1.5,Luton Town,/en/matches/56a137f7/Brighton-and-Hove-Albion-Luton-Town-August-12-2023-Premier-League
1,Bournemouth,1.3,1–1,1.1,West Ham,/en/matches/d6bbf293/Bournemouth-West-Ham-United-August-12-2023-Premier-League
1,Newcastle Utd,3.3,5–1,1.8,Aston Villa,/en/matches/8ff2f8fe/Newcastle-United-Aston-Villa-August-12-2023-Premier-League
1,Brentford,2.2,2–2,1.3,Tottenham,/en/matches/67ed3ba2/Brentford-Tottenham-Hotspur-August-13-2023-Premier-League
1,Chelsea,1.4,1–1,1.3,Liverpool,/en/matches/c18d3207/Chelsea-Liverpool-August-13-2023-Premier-League
1,Manchester Utd,2.2,1–0,2.2,Wolves,/en/matches/f1ecda2c/Manchester-United-Wolverhampton-Wanderers-August-14-2023-Premier-League
2,Nott'ham Forest,1.4,2–1,0.5,Sheffield Utd,/en/matches/a0a93f71/Nottingham-Forest-Sheffield-United-August-18-2023-Premier-League
2,Fulham,0.5,0–3,3.7,Brentford,/en/matches/46be83af/Fulham-Brentford-August-19-2023-Premier-League
2,Liverpool,3.0,3–1,1.3,Bournemouth,/en/matches/80bebdbb/Liverpool-Bournemouth-August-19-2023-Premier-League
2,Wolves,2.1,1–4,2.2,Brighton,/en/matches/d7c606ec/Wolverhampton-Wanderers-Brighton-and-Hove-Albion-August-19-2023-Premier-League
2,Tottenham,1.7,2–0,2.1,Manchester Utd,/en/matches/4bb62251/Tottenham-Hotspur-Manchester-United-August-19-2023-Premier-League
2,Manchester City,1.0,1–0,0.3,Newcastle Utd,/en/matches/0b8f50a5/Manchester-City-Newcastle-United-August-19-2023-Premier-League
2,Aston Villa,2.9,4–0,0.6,Everton,/en/matches/959b558d/Aston-Villa-Everton-August-20-2023-Premier-League
2,West Ham,1.8,3–1,2.5,Chelsea,/en/matches/44b9a07c/West-Ham-United-Chelsea-August-20-2023-Premier-League
2,Crystal Palace,1.0,0–1,2.0,Arsenal,/en/matches/3b5ecd36/Crystal-Palace-Arsenal-August-21-2023-Premier-League
3,Chelsea,2.2,3–0,0.4,Luton Town,/en/matches/6bfb9dc0/Chelsea-Luton-Town-August-25-2023-Premier-League
3,Bournemouth,0.7,0–2,2.1,Tottenham,/en/matches/f49c4ad2/Bournemouth-Tottenham-Hotspur-August-26-2023-Premier-League
3,Everton,1.3,0–1,1.1,Wolves,/en/matches/18dfee28/Everton-Wolverhampton-Wanderers-August-26-2023-Premier-League
3,Brentford,1.0,1–1,0.8,Crystal Palace,/en/matches/537b2b0b/Brentford-Crystal-Palace-August-26-2023-Premier-League
3,Manchester Utd,2.8,3–2,1.2,Nott'ham Forest,/en/matches/70d9b1ab/Manchester-United-Nottingham-Forest-August-26-2023-Premier-League
3,Arsenal,3.2,2–2,0.6,Fulham,/en/matches/d8f8f8ad/Arsenal-Fulham-August-26-2023-Premier-League
3,Brighton,1.5,1–3,3.0,West Ham,/en/matches/ba68d60c/Brighton-and-Hove-Albion-West-Ham-United-August-26-2023-Premier-League
3,Sheffield Utd,0.7,1–2,3.5,Manchester City,/en/matches/0844ff10/Sheffield-United-Manchester-City-August-27-2023-Premier-League
3,Burnley,0.7,1–3,2.5,Aston Villa,/en/matches/b66a7def/Burnley-Aston-Villa-August-27-2023-Premier-League
3,Newcastle Utd,2.0,1–2,0.9,Liverpool,/en/matches/b31156ab/Newcastle-United-Liverpool-August-27-2023-Premier-League
4,Luton Town,1.4,1–2,1.0,West Ham,/en/matches/e929e225/Luton-Town-West-Ham-United-September-1-2023-Premier-League
4,Sheffield Utd,1.2,2–2,2.5,Everton,/en/matches/87b46bb9/Sheffield-United-Everton-September-2-2023-Premier-League
4,Chelsea,2.3,0–1,0.8,Nott'ham Forest,/en/matches/44e89d37/Chelsea-Nottingham-Forest-September-2-2023-Premier-League
4,Manchester City,2.2,5–1,1.4,Fulham,/en/matches/88066bdf/Manchester-City-Fulham-September-2-2023-Premier-League
4,Brentford,2.9,2–2,2.1,Bournemouth,/en/matches/e2946b10/Brentford-Bournemouth-September-2-2023-Premier-League
4,Burnley,1.3,2–5,2.2,Tottenham,/en/matches/f1786fb8/Burnley-Tottenham-Hotspur-September-2-2023-Premier-League
4,Brighton,1.3,3–1,1.2,Newcastle Utd,/en/matches/4f754e0a/Brighton-and-Hove-Albion-Newcastle-United-September-2-2023-Premier-League
4,Liverpool,2.5,3–0,0.7,Aston Villa,/en/matches/bdbc722e/Liverpool-Aston-Villa-September-3-2023-Premier-League
4,Crystal Palace,2.1,3–2,1.2,Wolves,/en/matches/f9436d32/Crystal-Palace-Wolverhampton-Wanderers-September-3-2023-Premier-League
4,Arsenal,2.3,3–1,0.9,Manchester Utd,/en/matches/74125d47/Arsenal-Manchester-United-September-3-2023-Premier-League
5,Wolves,0.6,1–3,2.5,Liverpool,/en/matches/38daebd2/Wolverhampton-Wanderers-Liverpool-September-16-2023-Premier-League
5,Fulham,1.0,1–0,1.1,Luton Town,/en/matches/48b1bdc7/Fulham-Luton-Town-September-16-2023-Premier-League
5,West Ham,0.9,1–3,3.6,Manchester City,/en/matches/64c0a6e2/West-Ham-United-Manchester-City-September-16-2023-Premier-League
5,Aston Villa,3.0,3–1,1.2,Crystal Palace,/en/matches/bc77340e/Aston-Villa-Crystal-Palace-September-16-2023-Premier-League
5,Manchester Utd,1.0,1–3,1.7,Brighton,/en/matches/ddcf2857/Manchester-United-Brighton-and-Hove-Albion-September-16-2023-Premier-League
5,Tottenham,2.1,2–1,0.7,Sheffield Utd,/en/matches/e56e96e1/Tottenham-Hotspur-Sheffield-United-September-16-2023-Premier-League
5,Newcastle Utd,1.4,1–0,0.5,Brentford,/en/matches/71b7e5e2/Newcastle-United-Brentford-September-16-2023-Premier-League
5,Bournemouth,1.0,0–0,1.8,Chelsea,/en/matches/be0cbf88/Bournemouth-Chelsea-September-17-2023-Premier-League
5,Everton,0.3,0–1,1.0,Arsenal,/en/matches/b1278924/Everton-Arsenal-September-17-2023-Premier-League
5,Nott'ham Forest,0.7,1–1,0.5,Burnley,/en/matches/ad7ecfad/Nottingham-Forest-Burnley-September-18-2023-Premier-League
6,Manchester City,1.3,2–0,1.0,Nott'ham Forest,/en/matches/5dc7e234/Manchester-City-Nottingham-Forest-September-23-2023-Premier-League
6,Luton Town,2.1,1–1,0.6,Wolves,/en/matches/76a1421e/Luton-Town-Wolverhampton-Wanderers-September-23-2023-Premier-League
6,Crystal Palace,0.3,0–0,0.6,Fulham,/en/matches/cf0b2b19/Crystal-Palace-Fulham-September-23-2023-Premier-League
6,Brentford,1.0,1–3,1.9,Everton,/en/matches/96681b93/Brentford-Everton-September-23-2023-Premier-League
6,Burnley,1.1,0–1,1.0,Manchester Utd,/en/matches/8e26793d/Burnley-Manchester-United-September-23-2023-Premier-League
6,Arsenal,1.8,2–2,1.4,Tottenham,/en/matches/08947a10/North-London-Derby-Arsenal-Tottenham-Hotspur-September-24-2023-Premier-League
6,Brighton,1.9,3–1,1.1,Bournemouth,/en/matches/5593f16c/Brighton-and-Hove-Albion-Bournemouth-September-24-2023-Premier-League
6,Chelsea,1.3,0–1,1.0,Aston Villa,/en/matches/7d2c5e05/Chelsea-Aston-Villa-September-24-2023-Premier-League
6,Liverpool,3.0,3–1,1.1,West Ham,/en/matches/90adf8b3/Liverpool-West-Ham-United-September-24-2023-Premier-League
6,Sheffield Utd,0.9,0–8,3.9,Newcastle Utd,/en/matches/cf4fef85/Sheffield-United-Newcastle-United-September-24-2023-Premier-League
7,Aston Villa,1.6,6–1,1.7,Brighton,/en/matches/2df9a3a1/Aston-Villa-Brighton-and-Hove-Albion-September-30-2023-Premier-League
7,Wolves,0.4,2–1,0.9,Manchester City,/en/matches/60ce29cd/Wolverhampton-Wanderers-Manchester-City-September-30-2023-Premier-League
7,Bournemouth,0.6,0–4,3.4,Arsenal,/en/matches/8de4aca0/Bournemouth-Arsenal-September-30-2023-Premier-League
7,Everton,2.9,1–2,0.9,Luton Town,/en/matches/921d5f17/Everton-Luton-Town-September-30-2023-Premier-League
7,Newcastle Utd,3.1,2–0,0.6,Burnley,/en/matches/a79ff136/Newcastle-United-Burnley-September-30-2023-Premier-League
7,West Ham,2.1,2–0,1.1,Sheffield Utd,/en/matches/b82be6d7/West-Ham-United-Sheffield-United-September-30-2023-Premier-League
7,Manchester Utd,1.3,0–1,0.9,Crystal Palace,/en/matches/ef2b7ab9/Manchester-United-Crystal-Palace-September-30-2023-Premier-League
7,Tottenham,2.2,2–1,1.3,Liverpool,/en/matches/ec4145b4/Tottenham-Hotspur-Liverpool-September-30-2023-Premier-League
7,Nott'ham Forest,0.5,1–1,1.6,Brentford,/en/matches/923467c5/Nottingham-Forest-Brentford-October-1-2023-Premier-League
7,Fulham,1.1,0–2,1.7,Chelsea,/en/matches/c9787e60/Fulham-Chelsea-October-2-2023-Premier-League
2,Luton Town,1.3,1–2,1.1,Burnley,/en/matches/4f7b3f27/Luton-Town-Burnley-October-3-2023-Premier-League
8,Luton Town,0.8,0–1,1.9,Tottenham,/en/matches/d021f28f/Luton-Town-Tottenham-Hotspur-October-7-2023-Premier-League
8,Everton,2.4,3–0,0.7,Bournemouth,/en/matches/497b9558/Everton-Bournemouth-October-7-2023-Premier-League
8,Manchester Utd,1.4,2–1,0.9,Brentford,/en/matches/5006142a/Manchester-United-Brentford-October-7-2023-Premier-League
8,Burnley,0.7,1–4,1.9,Chelsea,/en/matches/cfd83ca3/Burnley-Chelsea-October-7-2023-Premier-League
8,Fulham,2.2,3–1,0.6,Sheffield Utd,/en/matches/ffc59ea8/Fulham-Sheffield-United-October-7-2023-Premier-League
8,Crystal Palace,0.8,0–0,1.0,Nott'ham Forest,/en/matches/1828106c/Crystal-Palace-Nottingham-Forest-October-7-2023-Premier-League
8,West Ham,1.2,2–2,2.0,Newcastle Utd,/en/matches/017c9ca5/West-Ham-United-Newcastle-United-October-8-2023-Premier-League
8,Wolves,1.7,1–1,1.6,Aston Villa,/en/matches/3292ed35/Wolverhampton-Wanderers-Aston-Villa-October-8-2023-Premier-League
8,Brighton,2.3,2–2,2.3,Liverpool,/en/matches/3b1ec657/Brighton-and-Hove-Albion-Liverpool-October-8-2023-Premier-League
8,Arsenal,0.4,1–0,0.5,Manchester City,/en/matches/59cd18ae/Arsenal-Manchester-City-October-8-2023-Premier-League
9,Liverpool,2.2,2–0,0.1,Everton,/en/matches/e747ddb3/Merseyside-Derby-Liverpool-Everton-October-21-2023-Premier-League
9,Bournemouth,0.6,1–2,2.4,Wolves,/en/matches/007b352e/Bournemouth-Wolverhampton-Wanderers-October-21-2023-Premier-League
9,Newcastle Utd,2.4,4–0,1.2,Crystal Palace,/en/matches/21625dde/Newcastle-United-Crystal-Palace-October-21-2023-Premier-League
9,Brentford,3.1,3–0,1.1,Burnley,/en/matches/52781f37/Brentford-Burnley-October-21-2023-Premier-League
9,Manchester City,0.8,2–1,0.8,Brighton,/en/matches/b782a834/Manchester-City-Brighton-and-Hove-Albion-October-21-2023-Premier-League
9,Nott'ham Forest,2.9,2–2,1.7,Luton Town,/en/matches/d1671efa/Nottingham-Forest-Luton-Town-October-21-2023-Premier-League
9,Chelsea,1.3,2–2,1.0,Arsenal,/en/matches/a1c336e2/North-West-London-Derby-Chelsea-Arsenal-October-21-2023-Premier-League
9,Sheffield Utd,1.4,1–2,1.1,Manchester Utd,/en/matches/d95b42eb/Sheffield-United-Manchester-United-October-21-2023-Premier-League
9,Aston Villa,1.9,4–1,1.1,West Ham,/en/matches/7efcc598/Aston-Villa-West-Ham-United-October-22-2023-Premier-League
9,Tottenham,1.5,2–0,1.0,Fulham,/en/matches/8c6293a3/Tottenham-Hotspur-Fulham-October-23-2023-Premier-League
10,Crystal Palace,0.6,1–2,1.1,Tottenham,/en/matches/6b0aa474/Crystal-Palace-Tottenham-Hotspur-October-27-2023-Premier-League
10,Chelsea,1.9,0–2,2.2,Brentford,/en/matches/91e3b922/Chelsea-Brentford-October-28-2023-Premier-League
10,Bournemouth,1.1,2–1,0.8,Burnley,/en/matches/c4c42d3e/Bournemouth-Burnley-October-28-2023-Premier-League
10,Arsenal,2.8,5–0,0.0,Sheffield Utd,/en/matches/d498f918/Arsenal-Sheffield-United-October-28-2023-Premier-League
10,Wolves,0.9,2–2,2.2,Newcastle Utd,/en/matches/b84d060a/Wolverhampton-Wanderers-Newcastle-United-October-28-2023-Premier-League
10,West Ham,0.7,0–1,0.8,Everton,/en/matches/868a89be/West-Ham-United-Everton-October-29-2023-Premier-League
10,Liverpool,3.2,3–0,0.4,Nott'ham Forest,/en/matches/79bf0c7f/Liverpool-Nottingham-Forest-October-29-2023-Premier-League
10,Brighton,1.4,1–1,0.7,Fulham,/en/matches/a0c422e9/Brighton-and-Hove-Albion-Fulham-October-29-2023-Premier-League
10,Aston Villa,2.3,3–1,0.5,Luton Town,/en/matches/ee677172/Aston-Villa-Luton-Town-October-29-2023-Premier-League
10,Manchester Utd,0.9,0–3,4.0,Manchester City,/en/matches/f6bfec82/Manchester-Derby-Manchester-United-Manchester-City-October-29-2023-Premier-League
11,Fulham,1.0,0–1,0.7,Manchester Utd,/en/matches/31273be0/Fulham-Manchester-United-November-4-2023-Premier-League
11,Brentford,1.5,3–2,1.8,West Ham,/en/matches/3235dd6e/Brentford-West-Ham-United-November-4-2023-Premier-League
11,Everton,0.7,1–1,0.5,Brighton,/en/matches/6ecb53ac/Everton-Brighton-and-Hove-Albion-November-4-2023-Premier-League
11,Burnley,1.1,0–2,1.3,Crystal Palace,/en/matches/8797f9a9/Burnley-Crystal-Palace-November-4-2023-Premier-League
11,Manchester City,1.9,6–1,0.9,Bournemouth,/en/matches/e75a870b/Manchester-City-Bournemouth-November-4-2023-Premier-League
11,Sheffield Utd,1.0,2–1,1.2,Wolves,/en/matches/e841bbac/Sheffield-United-Wolverhampton-Wanderers-November-4-2023-Premier-League
11,Newcastle Utd,1.0,1–0,0.6,Arsenal,/en/matches/6096abaa/Newcastle-United-Arsenal-November-4-2023-Premier-League
11,Nott'ham Forest,0.4,2–0,1.2,Aston Villa,/en/matches/ac18f108/Nottingham-Forest-Aston-Villa-November-5-2023-Premier-League
11,Luton Town,0.8,1–1,2.6,Liverpool,/en/matches/a62b97ba/Luton-Town-Liverpool-November-5-2023-Premier-League
11,Tottenham,0.9,1–4,4.1,Chelsea,/en/matches/478e4eb3/Tottenham-Hotspur-Chelsea-November-6-2023-Premier-League
12,Wolves,2.1,2–1,0.7,Tottenham,/en/matches/1634f066/Wolverhampton-Wanderers-Tottenham-Hotspur-November-11-2023-Premier-League
12,Arsenal,1.8,3–1,0.3,Burnley,/en/matches/2cb4e4dc/Arsenal-Burnley-November-11-2023-Premier-League
12,Manchester Utd,2.2,1–0,0.4,Luton Town,/en/matches/4b9f3f25/Manchester-United-Luton-Town-November-11-2023-Premier-League
12,Crystal Palace,2.2,2–3,1.5,Everton,/en/matches/a4795b68/Crystal-Palace-Everton-November-11-2023-Premier-League
12,Bournemouth,2.4,2–0,0.5,Newcastle Utd,/en/matches/641024cf/Bournemouth-Newcastle-United-November-11-2023-Premier-League
12,West Ham,1.8,3–2,1.7,Nott'ham Forest,/en/matches/76b8e568/West-Ham-United-Nottingham-Forest-November-12-2023-Premier-League
12,Liverpool,1.7,3–0,1.6,Brentford,/en/matches/996ee990/Liverpool-Brentford-November-12-2023-Premier-League
12,Aston Villa,3.0,3–1,0.9,Fulham,/en/matches/d6a70a44/Aston-Villa-Fulham-November-12-2023-Premier-League
12,Brighton,1.5,1–1,1.1,Sheffield Utd,/en/matches/ebf41e41/Brighton-and-Hove-Albion-Sheffield-United-November-12-2023-Premier-League
12,Chelsea,2.9,4–4,2.9,Manchester City,/en/matches/53bb8f30/Chelsea-Manchester-City-November-12-2023-Premier-League
13,Manchester City,1.3,1–1,0.6,Liverpool,/en/matches/5d4a5006/Manchester-City-Liverpool-November-25-2023-Premier-League
13,Burnley,1.3,1–2,0.9,West Ham,/en/matches/36a64522/Burnley-West-Ham-United-November-25-2023-Premier-League
13,Nott'ham Forest,1.9,2–3,1.3,Brighton,/en/matches/36be5cee/Nottingham-Forest-Brighton-and-Hove-Albion-November-25-2023-Premier-League
13,Sheffield Utd,0.8,1–3,2.9,Bournemouth,/en/matches/799a2c04/Sheffield-United-Bournemouth-November-25-2023-Premier-League
13,Newcastle Utd,2.4,4–1,0.5,Chelsea,/en/matches/8c8f48f4/Newcastle-United-Chelsea-November-25-2023-Premier-League
13,Luton Town,0.9,2–1,1.6,Crystal Palace,/en/matches/f4805536/Luton-Town-Crystal-Palace-November-25-2023-Premier-League
13,Brentford,1.1,0–1,1.6,Arsenal,/en/matches/626c6561/Brentford-Arsenal-November-25-2023-Premier-League
13,Tottenham,2.3,1–2,1.7,Aston Villa,/en/matches/83db7754/Tottenham-Hotspur-Aston-Villa-November-26-2023-Premier-League
13,Everton,2.4,0–3,2.2,Manchester Utd,/en/matches/f82a83dd/Everton-Manchester-United-November-26-2023-Premier-League
13,Fulham,2.9,3–2,1.4,Wolves,/en/matches/b19cc422/Fulham-Wolverhampton-Wanderers-November-27-2023-Premier-League
14,Brentford,3.1,3–1,0.2,Luton Town,/en/matches/0f71f535/Brentford-Luton-Town-December-2-2023-Premier-League
14,Arsenal,2.8,2–1,0.7,Wolves,/en/matches/6e65df8e/Arsenal-Wolverhampton-Wanderers-December-2-2023-Premier-League
14,Burnley,1.8,5–0,0.4,Sheffield Utd,/en/matches/e2c53b0a/Burnley-Sheffield-United-December-2-2023-Premier-League
14,Nott'ham Forest,0.7,0–1,0.7,Everton,/en/matches/0486198b/Nottingham-Forest-Everton-December-2-2023-Premier-League
14,Newcastle Utd,2.4,1–0,0.5,Manchester Utd,/en/matches/66a1f3ac/Newcastle-United-Manchester-United-December-2-2023-Premier-League
14,Bournemouth,2.0,2–2,0.7,Aston Villa,/en/matches/19533403/Bournemouth-Aston-Villa-December-3-2023-Premier-League
14,Liverpool,2.1,4–3,1.2,Fulham,/en/matches/4b7e6f44/Liverpool-Fulham-December-3-2023-Premier-League
14,Chelsea,2.1,3–2,1.1,Brighton,/en/matches/86b7d24f/Chelsea-Brighton-and-Hove-Albion-December-3-2023-Premier-League
14,West Ham,1.1,1–1,0.9,Crystal Palace,/en/matches/f7fb8049/West-Ham-United-Crystal-Palace-December-3-2023-Premier-League
14,Manchester City,2.6,3–3,0.5,Tottenham,/en/matches/0e39f016/Manchester-City-Tottenham-Hotspur-December-3-2023-Premier-League
15,Wolves,0.8,1–0,0.9,Burnley,/en/matches/a52ffb27/Wolverhampton-Wanderers-Burnley-December-5-2023-Premier-League
15,Luton Town,0.5,3–4,2.2,Arsenal,/en/matches/dd3a5afc/Luton-Town-Arsenal-December-5-2023-Premier-League
15,Sheffield Utd,1.0,0–2,1.7,Liverpool,/en/matches/01aca132/Sheffield-United-Liverpool-December-6-2023-Premier-League
15,Crystal Palace,1.0,0–2,1.8,Bournemouth,/en/matches/09909bf8/Crystal-Palace-Bournemouth-December-6-2023-Premier-League
15,Brighton,1.5,2–1,1.5,Brentford,/en/matches/75d21da8/Brighton-and-Hove-Albion-Brentford-December-6-2023-Premier-League
15,Fulham,2.5,5–0,0.3,Nott'ham Forest,/en/matches/fd5606da/Fulham-Nottingham-Forest-December-6-2023-Premier-League
15,Aston Villa,2.3,1–0,0.6,Manchester City,/en/matches/0ad90506/Aston-Villa-Manchester-City-December-6-2023-Premier-League
15,Manchester Utd,4.1,2–1,1.5,Chelsea,/en/matches/49f486f6/Manchester-United-Chelsea-December-6-2023-Premier-League
15,Everton,3.3,3–0,1.5,Newcastle Utd,/en/matches/2fe9d766/Everton-Newcastle-United-December-7-2023-Premier-League
15,Tottenham,1.8,1–2,2.2,West Ham,/en/matches/200af033/Tottenham-Hotspur-West-Ham-United-December-7-2023-Premier-League
16,Crystal Palace,1.7,1–2,1.2,Liverpool,/en/matches/a1b18af3/Crystal-Palace-Liverpool-December-9-2023-Premier-League
16,Manchester Utd,1.1,0–3,1.5,Bournemouth,/en/matches/0760a568/Manchester-United-Bournemouth-December-9-2023-Premier-League
16,Wolves,1.2,1–1,1.3,Nott'ham Forest,/en/matches/8c8fdba5/Wolverhampton-Wanderers-Nottingham-Forest-December-9-2023-Premier-League
16,Brighton,2.6,1–1,0.6,Burnley,/en/matches/ab18fa97/Brighton-and-Hove-Albion-Burnley-December-9-2023-Premier-League
16,Sheffield Utd,0.8,1–0,0.6,Brentford,/en/matches/e268f518/Sheffield-United-Brentford-December-9-2023-Premier-League
16,Aston Villa,0.6,1–0,1.4,Arsenal,/en/matches/8cf29e50/Aston-Villa-Arsenal-December-9-2023-Premier-League
16,Everton,1.2,2–0,0.9,Chelsea,/en/matches/953b5f9b/Everton-Chelsea-December-10-2023-Premier-League
16,Fulham,2.3,5–0,1.3,West Ham,/en/matches/d3dd23fb/Fulham-West-Ham-United-December-10-2023-Premier-League
16,Luton Town,0.3,1–2,1.6,Manchester City,/en/matches/f6155857/Luton-Town-Manchester-City-December-10-2023-Premier-League
16,Tottenham,3.8,4–1,1.7,Newcastle Utd,/en/matches/be6d1aac/Tottenham-Hotspur-Newcastle-United-December-10-2023-Premier-League
17,Nott'ham Forest,1.3,0–2,1.5,Tottenham,/en/matches/4d9f1a71/Nottingham-Forest-Tottenham-Hotspur-December-15-2023-Premier-League
17,Manchester City,1.6,2–2,1.8,Crystal Palace,/en/matches/30f3e1ee/Manchester-City-Crystal-Palace-December-16-2023-Premier-League
17,Chelsea,3.1,2–0,0.4,Sheffield Utd,/en/matches/3bbbaf15/Chelsea-Sheffield-United-December-16-2023-Premier-League
17,Newcastle Utd,3.5,3–0,0.3,Fulham,/en/matches/5db0f25b/Newcastle-United-Fulham-December-16-2023-Premier-League
17,Burnley,0.7,0–2,1.4,Everton,/en/matches/01904d1d/Burnley-Everton-December-16-2023-Premier-League
17,Brentford,0.5,1–2,1.4,Aston Villa,/en/matches/4a3af0ab/Brentford-Aston-Villa-December-17-2023-Premier-League
17,West Ham,1.1,3–0,0.7,Wolves,/en/matches/5f5bc7b3/West-Ham-United-Wolverhampton-Wanderers-December-17-2023-Premier-League
17,Arsenal,2.3,2–0,0.7,Brighton,/en/matches/e3a46a4e/Arsenal-Brighton-and-Hove-Albion-December-17-2023-Premier-League
17,Liverpool,2.3,0–0,0.8,Manchester Utd,/en/matches/18e98d77/North-West-Derby-Liverpool-Manchester-United-December-17-2023-Premier-League
18,Crystal Palace,1.3,1–1,1.2,Brighton,/en/matches/7340be7a/Crystal-Palace-Brighton-and-Hove-Albion-December-21-2023-Premier-League
18,Aston Villa,0.9,1–1,0.6,Sheffield Utd,/en/matches/37916998/Aston-Villa-Sheffield-United-December-22-2023-Premier-League
18,West Ham,1.2,2–0,1.0,Manchester Utd,/en/matches/328777ed/West-Ham-United-Manchester-United-December-23-2023-Premier-League
18,Luton Town,1.4,1–0,1.4,Newcastle Utd,/en/matches/46bfb645/Luton-Town-Newcastle-United-December-23-2023-Premier-League
18,Fulham,1.3,0–2,0.4,Burnley,/en/matches/7dd3c51a/Fulham-Burnley-December-23-2023-Premier-League
18,Tottenham,1.5,2–1,1.8,Everton,/en/matches/849071fe/Tottenham-Hotspur-Everton-December-23-2023-Premier-League
18,Nott'ham Forest,1.0,2–3,1.6,Bournemouth,/en/matches/c5548935/Nottingham-Forest-Bournemouth-December-23-2023-Premier-League
18,Liverpool,1.0,1–1,0.7,Arsenal,/en/matches/bfbfbbe8/Liverpool-Arsenal-December-23-2023-Premier-League
18,Wolves,1.3,2–1,2.0,Chelsea,/en/matches/8c0b314c/Wolverhampton-Wanderers-Chelsea-December-24-2023-Premier-League
19,Newcastle Utd,2.4,1–3,3.5,Nott'ham Forest,/en/matches/f22a20f0/Newcastle-United-Nottingham-Forest-December-26-2023-Premier-League
19,Bournemouth,1.8,3–0,0.3,Fulham,/en/matches/331c942d/Bournemouth-Fulham-December-26-2023-Premier-League
19,Sheffield Utd,2.4,2–3,0.6,Luton Town,/en/matches/6269b2e3/Sheffield-United-Luton-Town-December-26-2023-Premier-League
19,Burnley,0.8,0–2,1.8,Liverpool,/en/matches/c0904954/Burnley-Liverpool-December-26-2023-Premier-League
19,Manchester Utd,1.1,3–2,1.7,Aston Villa,/en/matches/83709fdf/Manchester-United-Aston-Villa-December-26-2023-Premier-League
19,Chelsea,2.6,2–1,1.1,Crystal Palace,/en/matches/2bfb6552/Chelsea-Crystal-Palace-December-27-2023-Premier-League
19,Brentford,2.2,1–4,2.4,Wolves,/en/matches/ea28d527/Brentford-Wolverhampton-Wanderers-December-27-2023-Premier-League
19,Everton,1.0,1–3,2.4,Manchester City,/en/matches/b9f69f01/Everton-Manchester-City-December-27-2023-Premier-League
19,Brighton,3.2,4–2,2.3,Tottenham,/en/matches/3e2e9248/Brighton-and-Hove-Albion-Tottenham-Hotspur-December-28-2023-Premier-League
19,Arsenal,2.7,0–2,1.4,West Ham,/en/matches/ba570015/Arsenal-West-Ham-United-December-28-2023-Premier-League
20,Luton Town,2.3,2–3,1.5,Chelsea,/en/matches/8e04572c/Luton-Town-Chelsea-December-30-2023-Premier-League
20,Aston Villa,3.2,3–2,1.2,Burnley,/en/matches/2828c5bc/Aston-Villa-Burnley-December-30-2023-Premier-League
20,Wolves,1.9,3–0,0.4,Everton,/en/matches/7dfc59ca/Wolverhampton-Wanderers-Everton-December-30-2023-Premier-League
20,Manchester City,2.2,2–0,0.3,Sheffield Utd,/en/matches/aefd7405/Manchester-City-Sheffield-United-December-30-2023-Premier-League
20,Crystal Palace,1.0,3–1,1.4,Brentford,/en/matches/e9d5dd9b/Crystal-Palace-Brentford-December-30-2023-Premier-League
20,Nott'ham Forest,0.7,2–1,0.8,Manchester Utd,/en/matches/1aa68cba/Nottingham-Forest-Manchester-United-December-30-2023-Premier-League
20,Tottenham,2.3,3–1,1.7,Bournemouth,/en/matches/3ab71352/Tottenham-Hotspur-Bournemouth-December-31-2023-Premier-League
20,Fulham,1.2,2–1,1.6,Arsenal,/en/matches/6c1b6ffc/Fulham-Arsenal-December-31-2023-Premier-League
20,Liverpool,7.0,4–2,0.6,Newcastle Utd,/en/matches/107b2d79/Liverpool-Newcastle-United-January-1-2024-Premier-League
20,West Ham,0.7,0–0,2.3,Brighton,/en/matches/d557afd0/West-Ham-United-Brighton-and-Hove-Albion-January-2-2024-Premier-League
21,Burnley,1.1,1–1,0.9,Luton Town,/en/matches/d62dd931/Burnley-Luton-Town-January-12-2024-Premier-League
21,Chelsea,2.2,1–0,0.8,Fulham,/en/matches/dd052c34/Chelsea-Fulham-January-13-2024-Premier-League
21,Newcastle Utd,1.3,2–3,3.0,Manchester City,/en/matches/738f8c3e/Newcastle-United-Manchester-City-January-13-2024-Premier-League
21,Everton,1.1,0–0,1.2,Aston Villa,/en/matches/1628c63e/Everton-Aston-Villa-January-14-2024-Premier-League
21,Manchester Utd,0.8,2–2,1.2,Tottenham,/en/matches/904ed2f9/Manchester-United-Tottenham-Hotspur-January-14-2024-Premier-League
21,Arsenal,3.3,5–0,0.3,Crystal Palace,/en/matches/006fb5b5/Arsenal-Crystal-Palace-January-20-2024-Premier-League
21,Brentford,1.2,3–2,1.2,Nott'ham Forest,/en/matches/e0a9c631/Brentford-Nottingham-Forest-January-20-2024-Premier-League
21,Sheffield Utd,2.5,2–2,2.3,West Ham,/en/matches/abd525b4/Sheffield-United-West-Ham-United-January-21-2024-Premier-League
21,Bournemouth,1.4,0–4,1.5,Liverpool,/en/matches/9a03e25c/Bournemouth-Liverpool-January-21-2024-Premier-League
21,Brighton,1.0,0–0,1.1,Wolves,/en/matches/35fb5bc2/Brighton-and-Hove-Albion-Wolverhampton-Wanderers-January-22-2024-Premier-League
22,Nott'ham Forest,0.5,1–2,1.2,Arsenal,/en/matches/20a16b44/Nottingham-Forest-Arsenal-January-30-2024-Premier-League
22,Fulham,1.6,0–0,1.9,Everton,/en/matches/17d24e01/Fulham-Everton-January-30-2024-Premier-League
22,Luton Town,3.1,4–0,0.9,Brighton,/en/matches/381f12be/Luton-Town-Brighton-and-Hove-Albion-January-30-2024-Premier-League
22,Crystal Palace,1.1,3–2,0.8,Sheffield Utd,/en/matches/9f51ce03/Crystal-Palace-Sheffield-United-January-30-2024-Premier-League
22,Aston Villa,1.4,1–3,2.6,Newcastle Utd,/en/matches/d8679e54/Aston-Villa-Newcastle-United-January-30-2024-Premier-League
22,Tottenham,2.9,3–2,1.6,Brentford,/en/matches/79ffec97/Tottenham-Hotspur-Brentford-January-31-2024-Premier-League
22,Manchester City,1.7,3–1,1.4,Burnley,/en/matches/d10aaae8/Manchester-City-Burnley-January-31-2024-Premier-League
22,Liverpool,2.9,4–1,0.6,Chelsea,/en/matches/1836d9bd/Liverpool-Chelsea-January-31-2024-Premier-League
22,West Ham,1.4,1–1,1.2,Bournemouth,/en/matches/16dc9951/West-Ham-United-Bournemouth-February-1-2024-Premier-League
22,Wolves,2.1,3–4,3.3,Manchester Utd,/en/matches/457203bc/Wolverhampton-Wanderers-Manchester-United-February-1-2024-Premier-League
23,Everton,2.6,2–2,1.0,Tottenham,/en/matches/fd68d50e/Everton-Tottenham-Hotspur-February-3-2024-Premier-League
23,Newcastle Utd,2.3,4–4,2.4,Luton Town,/en/matches/67cb7a4e/Newcastle-United-Luton-Town-February-3-2024-Premier-League
23,Brighton,1.4,4–1,0.3,Crystal Palace,/en/matches/689d15cf/Brighton-and-Hove-Albion-Crystal-Palace-February-3-2024-Premier-League
23,Burnley,1.8,2–2,1.5,Fulham,/en/matches/a2436e30/Burnley-Fulham-February-3-2024-Premier-League
23,Sheffield Utd,1.4,0–5,2.2,Aston Villa,/en/matches/b3e195c5/Sheffield-United-Aston-Villa-February-3-2024-Premier-League
23,Bournemouth,1.3,1–1,0.5,Nott'ham Forest,/en/matches/29948898/Bournemouth-Nottingham-Forest-February-4-2024-Premier-League
23,Manchester Utd,0.7,3–0,1.4,West Ham,/en/matches/dc1428be/Manchester-United-West-Ham-United-February-4-2024-Premier-League
23,Chelsea,1.7,2–4,2.0,Wolves,/en/matches/dfde4bd7/Chelsea-Wolverhampton-Wanderers-February-4-2024-Premier-League
23,Arsenal,3.5,3–1,0.4,Liverpool,/en/matches/99020abf/Arsenal-Liverpool-February-4-2024-Premier-League
23,Brentford,1.0,1–3,2.1,Manchester City,/en/matches/2b3630b6/Brentford-Manchester-City-February-5-2024-Premier-League
24,Manchester City,1.6,2–0,0.3,Everton,/en/matches/00ea7906/Manchester-City-Everton-February-10-2024-Premier-League
24,Luton Town,1.8,1–3,1.7,Sheffield Utd,/en/matches/1a4e7d02/Luton-Town-Sheffield-United-February-10-2024-Premier-League
24,Liverpool,2.8,3–1,1.3,Burnley,/en/matches/29e4d6ac/Liverpool-Burnley-February-10-2024-Premier-League
24,Wolves,1.0,0–2,1.9,Brentford,/en/matches/922cd256/Wolverhampton-Wanderers-Brentford-February-10-2024-Premier-League
24,Fulham,1.6,3–1,1.8,Bournemouth,/en/matches/bf9e0d20/Fulham-Bournemouth-February-10-2024-Premier-League
24,Tottenham,1.6,2–1,1.2,Brighton,/en/matches/c0dfccdf/Tottenham-Hotspur-Brighton-and-Hove-Albion-February-10-2024-Premier-League
24,Nott'ham Forest,1.5,2–3,0.5,Newcastle Utd,/en/matches/1c53666a/Nottingham-Forest-Newcastle-United-February-10-2024-Premier-League
24,West Ham,0.2,0–6,3.6,Arsenal,/en/matches/a1da23dc/West-Ham-United-Arsenal-February-11-2024-Premier-League
24,Aston Villa,2.4,1–2,1.8,Manchester Utd,/en/matches/fd36479b/Aston-Villa-Manchester-United-February-11-2024-Premier-League
24,Crystal Palace,0.6,1–3,1.4,Chelsea,/en/matches/1206b952/Crystal-Palace-Chelsea-February-12-2024-Premier-League
25,Brentford,1.6,1–4,2.8,Liverpool,/en/matches/ca1e26a0/Brentford-Liverpool-February-17-2024-Premier-League
25,Newcastle Utd,2.2,2–2,2.2,Bournemouth,/en/matches/083c4444/Newcastle-United-Bournemouth-February-17-2024-Premier-League
25,Tottenham,1.6,1–2,1.8,Wolves,/en/matches/30193251/Tottenham-Hotspur-Wolverhampton-Wanderers-February-17-2024-Premier-League
25,Burnley,0.3,0–5,2.3,Arsenal,/en/matches/59631171/Burnley-Arsenal-February-17-2024-Premier-League
25,Fulham,1.5,1–2,1.5,Aston Villa,/en/matches/796ff9f0/Fulham-Aston-Villa-February-17-2024-Premier-League
25,Nott'ham Forest,2.8,2–0,0.5,West Ham,/en/matches/d657db47/Nottingham-Forest-West-Ham-United-February-17-2024-Premier-League
25,Manchester City,2.6,1–1,1.4,Chelsea,/en/matches/78fb7fc2/Manchester-City-Chelsea-February-17-2024-Premier-League
25,Sheffield Utd,0.6,0–5,2.9,Brighton,/en/matches/811fa03f/Sheffield-United-Brighton-and-Hove-Albion-February-18-2024-Premier-League
25,Luton Town,1.8,1–2,2.9,Manchester Utd,/en/matches/49523b04/Luton-Town-Manchester-United-February-18-2024-Premier-League
25,Everton,1.7,1–1,0.7,Crystal Palace,/en/matches/573f2f77/Everton-Crystal-Palace-February-19-2024-Premier-League
18,Manchester City,2.3,1–0,0.4,Brentford,/en/matches/af88a1aa/Manchester-City-Brentford-February-20-2024-Premier-League
26,Liverpool,3.3,4–1,0.9,Luton Town,/en/matches/58636a1e/Liverpool-Luton-Town-February-21-2024-Premier-League
26,Manchester Utd,1.7,1–2,1.2,Fulham,/en/matches/45f67948/Manchester-United-Fulham-February-24-2024-Premier-League
26,Crystal Palace,2.4,3–0,0.1,Burnley,/en/matches/89cd2d5e/Crystal-Palace-Burnley-February-24-2024-Premier-League
26,Brighton,1.4,1–1,0.3,Everton,/en/matches/eb7c6993/Brighton-and-Hove-Albion-Everton-February-24-2024-Premier-League
26,Aston Villa,3.6,4–2,2.6,Nott'ham Forest,/en/matches/f61fbe36/Aston-Villa-Nottingham-Forest-February-24-2024-Premier-League
26,Bournemouth,0.9,0–1,1.6,Manchester City,/en/matches/f6d6a212/Bournemouth-Manchester-City-February-24-2024-Premier-League
26,Arsenal,2.8,4–1,0.2,Newcastle Utd,/en/matches/8f922133/Arsenal-Newcastle-United-February-24-2024-Premier-League
26,Wolves,1.3,1–0,0.6,Sheffield Utd,/en/matches/ada09dda/Wolverhampton-Wanderers-Sheffield-United-February-25-2024-Premier-League
26,West Ham,1.7,4–2,0.9,Brentford,/en/matches/15a04102/West-Ham-United-Brentford-February-26-2024-Premier-League
27,Fulham,1.3,3–0,1.3,Brighton,/en/matches/20278247/Fulham-Brighton-and-Hove-Albion-March-2-2024-Premier-League
27,Tottenham,1.9,3–1,0.3,Crystal Palace,/en/matches/8812bfd9/Tottenham-Hotspur-Crystal-Palace-March-2-2024-Premier-League
27,Brentford,1.8,2–2,1.8,Chelsea,/en/matches/ba1992b0/Brentford-Chelsea-March-2-2024-Premier-League
27,Newcastle Utd,2.1,3–0,0.8,Wolves,/en/matches/bbae8356/Newcastle-United-Wolverhampton-Wanderers-March-2-2024-Premier-League
27,Nott'ham Forest,1.0,0–1,2.0,Liverpool,/en/matches/d1a00cf0/Nottingham-Forest-Liverpool-March-2-2024-Premier-League
27,Everton,2.7,1–3,1.9,West Ham,/en/matches/e9183936/Everton-West-Ham-United-March-2-2024-Premier-League
27,Luton Town,1.8,2–3,1.9,Aston Villa,/en/matches/59f4adc0/Luton-Town-Aston-Villa-March-2-2024-Premier-League
27,Burnley,1.5,0–2,1.1,Bournemouth,/en/matches/f7674d8b/Burnley-Bournemouth-March-3-2024-Premier-League
27,Manchester City,3.3,3–1,0.2,Manchester Utd,/en/matches/615eff06/Manchester-Derby-Manchester-City-Manchester-United-March-3-2024-Premier-League
27,Sheffield Utd,0.2,0–6,2.3,Arsenal,/en/matches/2eca8900/Sheffield-United-Arsenal-March-4-2024-Premier-League
28,Manchester Utd,2.7,2–0,1.6,Everton,/en/matches/fede7f6e/Manchester-United-Everton-March-9-2024-Premier-League
28,Bournemouth,3.3,2–2,1.2,Sheffield Utd,/en/matches/81b6715a/Bournemouth-Sheffield-United-March-9-2024-Premier-League
28,Wolves,0.8,2–1,2.6,Fulham,/en/matches/b606cbde/Wolverhampton-Wanderers-Fulham-March-9-2024-Premier-League
28,Crystal Palace,2.7,1–1,0.8,Luton Town,/en/matches/fd693c8e/Crystal-Palace-Luton-Town-March-9-2024-Premier-League
28,Arsenal,1.3,2–1,1.0,Brentford,/en/matches/0e9002ec/Arsenal-Brentford-March-9-2024-Premier-League
28,Aston Villa,0.8,0–4,1.5,Tottenham,/en/matches/a32a7069/Aston-Villa-Tottenham-Hotspur-March-10-2024-Premier-League
28,West Ham,2.1,2–2,0.7,Burnley,/en/matches/9ef133d6/West-Ham-United-Burnley-March-10-2024-Premier-League
28,Brighton,0.4,1–0,0.7,Nott'ham Forest,/en/matches/f17d9ccd/Brighton-and-Hove-Albion-Nottingham-Forest-March-10-2024-Premier-League
28,Liverpool,2.7,1–1,1.6,Manchester City,/en/matches/96da3e29/Liverpool-Manchester-City-March-10-2024-Premier-League
28,Chelsea,1.6,3–2,0.7,Newcastle Utd,/en/matches/d4b4c06f/Chelsea-Newcastle-United-March-11-2024-Premier-League
17,Bournemouth,2.3,4–3,2.0,Luton Town,/en/matches/a32a8157/Bournemouth-Luton-Town-March-13-2024-Premier-League
29,Luton Town,0.6,1–1,2.0,Nott'ham Forest,/en/matches/76d09384/Luton-Town-Nottingham-Forest-March-16-2024-Premier-League
29,Burnley,2.8,2–1,1.1,Brentford,/en/matches/b280b66a/Burnley-Brentford-March-16-2024-Premier-League
29,Fulham,2.6,3–0,2.4,Tottenham,/en/matches/8a009cc4/Fulham-Tottenham-Hotspur-March-16-2024-Premier-League
29,West Ham,2.0,1–1,0.7,Aston Villa,/en/matches/fc356c59/West-Ham-United-Aston-Villa-March-17-2024-Premier-League
30,Newcastle Utd,4.1,4–3,1.4,West Ham,/en/matches/10600f89/Newcastle-United-West-Ham-United-March-30-2024-Premier-League
30,Bournemouth,1.3,2–1,1.0,Everton,/en/matches/0eaaf0ab/Bournemouth-Everton-March-30-2024-Premier-League
30,Tottenham,2.9,2–1,0.5,Luton Town,/en/matches/6397e2af/Tottenham-Hotspur-Luton-Town-March-30-2024-Premier-League
30,Nott'ham Forest,0.9,1–1,1.2,Crystal Palace,/en/matches/791fc95a/Nottingham-Forest-Crystal-Palace-March-30-2024-Premier-League
30,Sheffield Utd,1.9,3–3,1.3,Fulham,/en/matches/ad4a1302/Sheffield-United-Fulham-March-30-2024-Premier-League
30,Chelsea,4.2,2–2,1.6,Burnley,/en/matches/e68ec2a9/Chelsea-Burnley-March-30-2024-Premier-League
30,Aston Villa,1.0,2–0,1.5,Wolves,/en/matches/5f218b76/Aston-Villa-Wolverhampton-Wanderers-March-30-2024-Premier-League
30,Brentford,3.2,1–1,0.6,Manchester Utd,/en/matches/43a07892/Brentford-Manchester-United-March-30-2024-Premier-League
30,Liverpool,2.8,2–1,0.5,Brighton,/en/matches/b763b73e/Liverpool-Brighton-and-Hove-Albion-March-31-2024-Premier-League
30,Manchester City,1.0,0–0,0.7,Arsenal,/en/matches/76b4b194/Manchester-City-Arsenal-March-31-2024-Premier-League
31,Newcastle Utd,2.4,1–1,1.4,Everton,/en/matches/52846bc3/Newcastle-United-Everton-April-2-2024-Premier-League
31,Nott'ham Forest,1.5,3–1,1.5,Fulham,/en/matches/55996670/Nottingham-Forest-Fulham-April-2-2024-Premier-League
31,Bournemouth,1.1,1–0,0.2,Crystal Palace,/en/matches/1ef36f8d/Bournemouth-Crystal-Palace-April-2-2024-Premier-League
31,Burnley,1.3,1–1,0.9,Wolves,/en/matches/feadec6f/Burnley-Wolverhampton-Wanderers-April-2-2024-Premier-League
31,West Ham,1.5,1–1,1.0,Tottenham,/en/matches/2600ff86/West-Ham-United-Tottenham-Hotspur-April-2-2024-Premier-League
31,Arsenal,0.7,2–0,0.3,Luton Town,/en/matches/77d7e2d6/Arsenal-Luton-Town-April-3-2024-Premier-League
31,Brentford,0.6,0–0,1.1,Brighton,/en/matches/8ec55f05/Brentford-Brighton-and-Hove-Albion-April-3-2024-Premier-League
31,Manchester City,3.4,4–1,0.8,Aston Villa,/en/matches/ae3ba8e8/Manchester-City-Aston-Villa-April-3-2024-Premier-League
31,Liverpool,1.8,3–1,0.6,Sheffield Utd,/en/matches/1f5973e2/Liverpool-Sheffield-United-April-4-2024-Premier-League
31,Chelsea,3.0,4–3,1.5,Manchester Utd,/en/matches/c6079c2f/Chelsea-Manchester-United-April-4-2024-Premier-League
32,Crystal Palace,1.1,2–4,1.9,Manchester City,/en/matches/fca82852/Crystal-Palace-Manchester-City-April-6-2024-Premier-League
32,Luton Town,1.5,2–1,0.4,Bournemouth,/en/matches/08114c35/Luton-Town-Bournemouth-April-6-2024-Premier-League
32,Wolves,1.5,1–2,1.2,West Ham,/en/matches/4f0b227b/Wolverhampton-Wanderers-West-Ham-United-April-6-2024-Premier-League
32,Fulham,1.2,0–1,1.0,Newcastle Utd,/en/matches/a9d2819f/Fulham-Newcastle-United-April-6-2024-Premier-League
32,Everton,0.9,1–0,0.5,Burnley,/en/matches/cc7efb48/Everton-Burnley-April-6-2024-Premier-League
32,Aston Villa,1.5,3–3,1.5,Brentford,/en/matches/e8f307a3/Aston-Villa-Brentford-April-6-2024-Premier-League
32,Brighton,0.5,0–3,3.4,Arsenal,/en/matches/2047cc32/Brighton-and-Hove-Albion-Arsenal-April-6-2024-Premier-League
32,Manchester Utd,0.7,2–2,3.6,Liverpool,/en/matches/d57ffe1a/North-West-Derby-Manchester-United-Liverpool-April-7-2024-Premier-League
32,Sheffield Utd,1.4,2–2,0.3,Chelsea,/en/matches/d3850c26/Sheffield-United-Chelsea-April-7-2024-Premier-League
32,Tottenham,1.5,3–1,1.5,Nott'ham Forest,/en/matches/7598049f/Tottenham-Hotspur-Nottingham-Forest-April-7-2024-Premier-League
33,Newcastle Utd,2.8,4–0,0.8,Tottenham,/en/matches/50db3243/Newcastle-United-Tottenham-Hotspur-April-13-2024-Premier-League
33,Manchester City,4.2,5–1,0.5,Luton Town,/en/matches/40128bc4/Manchester-City-Luton-Town-April-13-2024-Premier-League
33,Nott'ham Forest,1.9,2–2,1.0,Wolves,/en/matches/4460b6c5/Nottingham-Forest-Wolverhampton-Wanderers-April-13-2024-Premier-League
33,Brentford,1.0,2–0,0.8,Sheffield Utd,/en/matches/4a4d2976/Brentford-Sheffield-United-April-13-2024-Premier-League
33,Burnley,1.7,1–1,0.9,Brighton,/en/matches/c9ab1f95/Burnley-Brighton-and-Hove-Albion-April-13-2024-Premier-League
33,Bournemouth,1.6,2–2,1.2,Manchester Utd,/en/matches/32a8be36/Bournemouth-Manchester-United-April-13-2024-Premier-League
33,Liverpool,2.7,0–1,2.0,Crystal Palace,/en/matches/99113ef3/Liverpool-Crystal-Palace-April-14-2024-Premier-League
33,West Ham,0.9,0–2,3.2,Fulham,/en/matches/bd62891f/West-Ham-United-Fulham-April-14-2024-Premier-League
33,Arsenal,1.6,0–2,0.9,Aston Villa,/en/matches/c1739ced/Arsenal-Aston-Villa-April-14-2024-Premier-League
33,Chelsea,3.1,6–0,1.5,Everton,/en/matches/1a41ac25/Chelsea-Everton-April-15-2024-Premier-League
34,Luton Town,0.6,1–5,3.1,Brentford,/en/matches/c98abeb4/Luton-Town-Brentford-April-20-2024-Premier-League
34,Sheffield Utd,2.4,1–4,2.2,Burnley,/en/matches/ee8223ec/Sheffield-United-Burnley-April-20-2024-Premier-League
34,Wolves,0.2,0–2,1.2,Arsenal,/en/matches/22881ea2/Wolverhampton-Wanderers-Arsenal-April-20-2024-Premier-League
34,Everton,0.3,2–0,0.9,Nott'ham Forest,/en/matches/3025d010/Everton-Nottingham-Forest-April-21-2024-Premier-League
34,Aston Villa,2.4,3–1,1.8,Bournemouth,/en/matches/6236de96/Aston-Villa-Bournemouth-April-21-2024-Premier-League
34,Crystal Palace,2.4,5–2,1.3,West Ham,/en/matches/6ef6966a/Crystal-Palace-West-Ham-United-April-21-2024-Premier-League
34,Fulham,0.8,1–3,1.0,Liverpool,/en/matches/9dcb5084/Fulham-Liverpool-April-21-2024-Premier-League
29,Arsenal,3.3,5–0,1.6,Chelsea,/en/matches/3435dfcc/North-West-London-Derby-Arsenal-Chelsea-April-23-2024-Premier-League
29,Wolves,0.5,0–1,1.9,Bournemouth,/en/matches/2e209def/Wolverhampton-Wanderers-Bournemouth-April-24-2024-Premier-League
29,Manchester Utd,2.9,4–2,0.8,Sheffield Utd,/en/matches/70770e72/Manchester-United-Sheffield-United-April-24-2024-Premier-League
29,Everton,1.2,2–0,2.1,Liverpool,/en/matches/971e0a29/Merseyside-Derby-Everton-Liverpool-April-24-2024-Premier-League
29,Crystal Palace,0.9,2–0,0.4,Newcastle Utd,/en/matches/ee21eba2/Crystal-Palace-Newcastle-United-April-24-2024-Premier-League
29,Brighton,0.6,0–4,1.4,Manchester City,/en/matches/45bb8cac/Brighton-and-Hove-Albion-Manchester-City-April-25-2024-Premier-League
35,West Ham,0.7,2–2,1.7,Liverpool,/en/matches/ba04d7d8/West-Ham-United-Liverpool-April-27-2024-Premier-League
35,Wolves,1.2,2–1,0.6,Luton Town,/en/matches/55d68500/Wolverhampton-Wanderers-Luton-Town-April-27-2024-Premier-League
35,Fulham,1.1,1–1,1.0,Crystal Palace,/en/matches/9fe4ec6e/Fulham-Crystal-Palace-April-27-2024-Premier-League
35,Manchester Utd,2.7,1–1,2.1,Burnley,/en/matches/e8eb637d/Manchester-United-Burnley-April-27-2024-Premier-League
35,Newcastle Utd,3.1,5–1,1.5,Sheffield Utd,/en/matches/e92d40be/Newcastle-United-Sheffield-United-April-27-2024-Premier-League
35,Everton,0.8,1–0,0.9,Brentford,/en/matches/c813a2ae/Everton-Brentford-April-27-2024-Premier-League
35,Aston Villa,1.1,2–2,1.6,Chelsea,/en/matches/a88dc35f/Aston-Villa-Chelsea-April-27-2024-Premier-League
35,Tottenham,2.3,2–3,1.0,Arsenal,/en/matches/d98c9a99/North-London-Derby-Tottenham-Hotspur-Arsenal-April-28-2024-Premier-League
35,Bournemouth,1.9,3–0,0.9,Brighton,/en/matches/fa3c7491/Bournemouth-Brighton-and-Hove-Albion-April-28-2024-Premier-League
35,Nott'ham Forest,1.9,0–2,0.9,Manchester City,/en/matches/80bbb25e/Nottingham-Forest-Manchester-City-April-28-2024-Premier-League
26,Chelsea,2.2,2–0,1.6,Tottenham,/en/matches/6b489131/Chelsea-Tottenham-Hotspur-May-2-2024-Premier-League
36,Luton Town,0.8,1–1,1.4,Everton,/en/matches/76d10c7d/Luton-Town-Everton-May-3-2024-Premier-League
36,Arsenal,3.3,3–0,0.5,Bournemouth,/en/matches/00bcfc31/Arsenal-Bournemouth-May-4-2024-Premier-League
36,Burnley,1.0,1–4,3.4,Newcastle Utd,/en/matches/070bf86d/Burnley-Newcastle-United-May-4-2024-Premier-League
36,Sheffield Utd,2.2,1–3,1.5,Nott'ham Forest,/en/matches/91a2da3b/Sheffield-United-Nottingham-Forest-May-4-2024-Premier-League
36,Brentford,0.6,0–0,1.3,Fulham,/en/matches/a388fc69/Brentford-Fulham-May-4-2024-Premier-League
36,Manchester City,3.7,5–1,0.3,Wolves,/en/matches/5a9032bf/Manchester-City-Wolverhampton-Wanderers-May-4-2024-Premier-League
36,Brighton,2.5,1–0,0.1,Aston Villa,/en/matches/5d5f6155/Brighton-and-Hove-Albion-Aston-Villa-May-5-2024-Premier-League
36,Chelsea,4.1,5–0,0.9,West Ham,/en/matches/f8a0189a/Chelsea-West-Ham-United-May-5-2024-Premier-League
36,Liverpool,3.3,4–2,1.2,Tottenham,/en/matches/08341569/Liverpool-Tottenham-Hotspur-May-5-2024-Premier-League
36,Crystal Palace,1.7,4–0,0.4,Manchester Utd,/en/matches/8c4bf9e7/Crystal-Palace-Manchester-United-May-6-2024-Premier-League
37,Fulham,0.1,0–4,3.2,Manchester City,/en/matches/4e211d29/Fulham-Manchester-City-May-11-2024-Premier-League
37,Wolves,1.6,1–3,2.6,Crystal Palace,/en/matches/16d5b6aa/Wolverhampton-Wanderers-Crystal-Palace-May-11-2024-Premier-League
37,West Ham,3.2,3–1,0.3,Luton Town,/en/matches/17e9dbbf/West-Ham-United-Luton-Town-May-11-2024-Premier-League
37,Tottenham,2.7,2–1,0.7,Burnley,/en/matches/45c36efd/Tottenham-Hotspur-Burnley-May-11-2024-Premier-League
37,Everton,2.3,1–0,0.6,Sheffield Utd,/en/matches/482e6ce4/Everton-Sheffield-United-May-11-2024-Premier-League
37,Newcastle Utd,2.2,1–1,1.4,Brighton,/en/matches/6dbd7d72/Newcastle-United-Brighton-and-Hove-Albion-May-11-2024-Premier-League
37,Bournemouth,0.7,1–2,1.1,Brentford,/en/matches/e7b6ebb6/Bournemouth-Brentford-May-11-2024-Premier-League
37,Nott'ham Forest,1.5,2–3,1.6,Chelsea,/en/matches/384547b8/Nottingham-Forest-Chelsea-May-11-2024-Premier-League
37,Manchester Utd,0.5,0–1,1.5,Arsenal,/en/matches/ab9827f2/Manchester-United-Arsenal-May-12-2024-Premier-League
37,Aston Villa,3.1,3–3,1.7,Liverpool,/en/matches/72c0709d/Aston-Villa-Liverpool-May-13-2024-Premier-League
34,Tottenham,1.7,0–2,2.4,Manchester City,/en/matches/2ba17e6d/Tottenham-Hotspur-Manchester-City-May-14-2024-Premier-League
34,Brighton,1.3,1–2,1.5,Chelsea,/en/matches/b42b7907/Brighton-and-Hove-Albion-Chelsea-May-15-2024-Premier-League
34,Manchester Utd,1.4,3–2,2.3,Newcastle Utd,/en/matches/e43e8597/Manchester-United-Newcastle-United-May-15-2024-Premier-League
38,Luton Town,2.0,2–4,1.1,Fulham,/en/matches/0fde9d70/Luton-Town-Fulham-May-19-2024-Premier-League
38,Sheffield Utd,1.0,0–3,3.1,Tottenham,/en/matches/273a89b4/Sheffield-United-Tottenham-Hotspur-May-19-2024-Premier-League
38,Manchester City,1.9,3–1,0.4,West Ham,/en/matches/29335211/Manchester-City-West-Ham-United-May-19-2024-Premier-League
38,Arsenal,2.9,2–1,0.6,Everton,/en/matches/3e33bd98/Arsenal-Everton-May-19-2024-Premier-League
38,Brighton,1.7,0–2,1.3,Manchester Utd,/en/matches/47ecdc19/Brighton-and-Hove-Albion-Manchester-United-May-19-2024-Premier-League
38,Brentford,1.1,2–4,3.4,Newcastle Utd,/en/matches/546e1a3d/Brentford-Newcastle-United-May-19-2024-Premier-League
38,Chelsea,1.1,2–1,2.2,Bournemouth,/en/matches/7c034003/Chelsea-Bournemouth-May-19-2024-Premier-League
38,Crystal Palace,2.5,5–0,0.9,Aston Villa,/en/matches/c975c7a6/Crystal-Palace-Aston-Villa-May-19-2024-Premier-League
38,Liverpool,4.5,2–0,0.5,Wolves,/en/matches/d4823ed5/Liverpool-Wolverhampton-Wanderers-May-19-2024-Premier-League
38,Burnley,1.2,1–2,1.7,Nott'ham Forest,/en/matches/dafb05fe/Burnley-Nottingham-Forest-May-19-2024-Premier-League
